Query_ID	Target_ID	Optimal_offset	p-value	E-value	q-value	Overlap	Query_consensus	Target_consensus	Orientation
1	MA0770.1	0	0.00508211	4.27405	1	7	TTCTATA	TTCTAGAACGTTC	+
1	MA0486.2	0	0.00565292	4.75411	1	7	TTCTATA	TTCTAGAACGTTC	+
1	MA0771.1	0	0.010098	8.49245	1	7	TTCTATA	TTCTAGAACGTTC	+

# Tomtom (Motif Comparison Tool): Version 5.5.4 compiled on Sep  2 2023 at 01:30:01
# The format of this file is described at https://meme-suite.org/meme/doc/tomtom-output-format.html.
# tomtom -no-ssc -oc . --verbosity 1 -text -min-overlap 5 -mi 1 -dist pearson -evalue -thresh 10.0 /tmp/tmpqot0ud9d /home2/ayh8/data/JASPAR/JASPAR2022_CORE_vertebrates_non-redundant_pfms_meme.txt
