Query_ID	Target_ID	Optimal_offset	p-value	E-value	q-value	Overlap	Query_consensus	Target_consensus	Orientation
1	MA0601.1	1	0.002775	2.33378	1	7	TATTAAG	ATATTAATTAA	+
1	MA0151.1	-1	0.00805235	6.77203	1	6	TATTAAG	ATTAAA	+
1	MA0752.1	3	0.00983571	8.27183	1	7	TATTAAG	GAGTATTATGGGATGGA	-

# Tomtom (Motif Comparison Tool): Version 5.5.4 compiled on Sep  2 2023 at 01:30:01
# The format of this file is described at https://meme-suite.org/meme/doc/tomtom-output-format.html.
# tomtom -no-ssc -oc . --verbosity 1 -text -min-overlap 5 -mi 1 -dist pearson -evalue -thresh 10.0 /tmp/tmpwss426nq /home2/ayh8/data/JASPAR/JASPAR2022_CORE_vertebrates_non-redundant_pfms_meme.txt
